{"train/loss":0.0042,"train_samples_per_second":3.691,"train_loss":0.06047454571589492,"train/grad_norm":2.6334571838378906,"_runtime":6910,"eval/samples_per_second":16.735,"train/global_step":266,"_wandb":{"runtime":6910},"_step":10,"train_runtime":6897.123,"train/epoch":2,"_timestamp":1.755656921484493e+09,"train_steps_per_second":0.039,"train/learning_rate":1.3492063492063493e-06,"total_flos":0,"eval/steps_per_second":1.401,"eval/runtime":134.1488}