{"train_runtime":6479.1485,"_wandb":{"runtime":6485},"train/learning_rate":1.1500000000000002e-06,"total_flos":0,"eval/steps_per_second":2.379,"train/grad_norm":2.0946433544158936,"eval/samples_per_second":18.944,"eval/runtime":79.0214,"_timestamp":1.755605773502775e+09,"train_steps_per_second":0.065,"_step":16,"_runtime":6485,"train/epoch":2,"train/global_step":422,"train/loss":0.0013,"train_loss":0.04124189450701266,"train_samples_per_second":4.16}