{"train/loss":0.0024,"train_runtime":6840.3755,"train/global_step":266,"_step":10,"train_loss":0.055448892071170916,"_timestamp":1.7556578879515064e+09,"_runtime":6854,"train/learning_rate":1.3492063492063493e-06,"total_flos":0,"_wandb":{"runtime":6854},"train/grad_norm":0.8712627291679382,"eval/steps_per_second":1.411,"eval/samples_per_second":16.855,"train/epoch":2,"train_samples_per_second":3.721,"eval/runtime":133.1921,"train_steps_per_second":0.039}