{"eval/steps_per_second":4.091,"eval/samples_per_second":48.857,"_step":14,"train_steps_per_second":0.169,"train_runtime":2358.7664,"_runtime":2367,"train_loss":0.09801874647675148,"total_flos":0,"train/grad_norm":0.9263346791267395,"train/global_step":398,"train/learning_rate":2.677595628415301e-06,"train/epoch":2,"_wandb":{"runtime":2367},"_timestamp":1.7556832733731692e+09,"train/loss":0.0017,"train_samples_per_second":10.791,"eval/runtime":45.9507}