{"train/grad_norm":1.5067466497421265,"eval/runtime":45.5696,"_timestamp":1.7556833457554462e+09,"train/global_step":398,"eval/samples_per_second":49.265,"_wandb":{"runtime":2346},"train_loss":0.09836263636398555,"_runtime":2346,"train/loss":0.0019,"train_samples_per_second":10.862,"eval/steps_per_second":4.126,"train_runtime":2343.5053,"_step":14,"train/epoch":2,"train/learning_rate":2.677595628415301e-06,"train_steps_per_second":0.17,"total_flos":0}